array_size,speed
100,0.016238999999999996
200,0.10121000000000001
300,0.321473
400,0.7555430000000001
500,1.4938569999999998
600,2.49995
700,4.059816
800,6.102271999999999
900,8.748172
1000,11.850635999999998
