array_size,speed
100,0.019168000000000004
200,0.11789599999999999
300,0.37067800000000006
400,0.8883749999999999
500,1.700636
600,2.8923590000000003
700,4.699033000000001
800,7.016212999999999
900,10.541811
1000,13.984321000000001
